"A los machistas no les da miedo el feminismo, (muy machos ellos). Simplemente lo desprecian,.¬°Imb√©ciles!."
Yo soy as√≠ puto moro
Aqu√≠ va una canci√≥n para todos y cada uno de los putos fascistas del PP‚Ä¶ Fuck You de Lily Allen
por favor dejad en paz a mi amiga la subnormal de mierda
Es lo m√°s seguro que pase eso didac puto catal√°n
No creo que haya en el mundo alguien que me d√© m√°s asco y sea m√°s subnormal que Dani Rovira.
Luego si empiezan a aparecer los cad√°veres de esta basura alguien se echara las manos a la cabeza.
Pero el calentamiento global son COSAS DE HIPPIES Y PERROFLAUTAS
"Te gustan los ni√±os,fascista de mierda?"
"Desde que los nazis falsificaron billetes en los campos,este es el peor ataque a la economia de un pais"
Blocs y a otra cosa No le des publicidad al monguer
"El chepas acaba de solucionar el problema de la inmigraci√≥n, ahora vendr√°n los de Vox a tocar los huevos..."
Conclusi√≥n: Er Benni era un cabr√≥n facha que ayud√≥ a Trum
La mitad catalana borrega independentista sigue crey√©ndose sus mentiras.
Nunca sean as√≠ de mierdas.
y encima esqe eres mu puta
"lo que es curioso es que todos los imbeciles que llevan bandera podemita demuestra ser imbecil,con nota"
"Ser√° puerta abierta , in√∫tiles fascistas embusteros miserables,no?"
No te acerques que me tiznas le dijo la sarten al cazo... üòÇ Los m√°s fascistas de la izquierda
"a ver eso se elige, no es natural... Vas a arder en el infierno por sodomita."
"ese t√≠o no es un delicuente, en su cultura mayormente est√° admitido, lo que es, es un hijo de puta"
"Que bronca cuando est√°s jugando al FIFA y ponen pausa para responder los msj, que trolo man"
"unos vecinos del primero son m√°s rojos y perroflautas que la hostia, les he dejado 6 entradas en el buz√≥n"
Mire la saga de 50 sombras de Grey...casi todo eran.lectoras...les va el.morbillo no lo.nieguen
"Y una mierda. Vox dice fuera a la inmigraci√≥n ilegal que comete delitos, y de ah√≠ no pasa."
"En ESPA√ëA tenemos un Gobierno PSOE-UP, asi que simplemente estamos DISFRUTANDO LO VOTADO."
Y el mam√≥n se vuelve a Par√≠s con dos palmos de narices
"Yo lo se, los mismos fascistas corruptos ladrones que estan acabando con la Civilizaci√≥n en la Tierra"
Esto para un pedazo de retrasado como tu:
"No se si me seguir√° alguien cat√≥lico, si es as√≠, siento que seas tan ignorante."
"Y como siempre los nacotes sin educaci√≥n diciendo groser√≠as, son los que est√°n en contra de este gran gobierno respetable."
Puta prensa deportiva saliendo en defensa de un puto ultraderechista
"#CeseDefinitivoCPCCS estos miserables su salida del CPCCS va hacer mas r√°pido q su puta nombramiento,"
Disney se est√° riendo en vuestra puta cara
-Una directiva fracasa deportivamente -Unos monguers los votan para que sigan mandando -Los monguers se sorprenden d q fracasen #estapasando
"A saber cuantos imb√©ciles recibieron dinero y sin hacer una mala pel√≠cula siquiera."""
"Queremos m√°s dominicanos y m√°s moros, S√°nchez trae m√°s.!!!!"
pues con lo puto retrasado que eres podr√≠a ser
no podia esperar a llegar a tierra para ponerse manos a la. obra
"A su vez que no es lo mismo ser cristiano que catolico , pero tu eres CATETA."
solo 4? maldito hijo de puta fascista
"Este cabron est√° peor que los 1,200 que est√°n por llegar"
"Cada vez, la situaci√≥n del pa√≠s est√° en la mierda la de mierd√≠sima #FreddyGuevaraTeCAGASTE"
"Muy despreciados,siiii,pero todos vestidos de alta costura espa√±ola o extranjera como la derechona burguesa verdad,‚Ä¶"
Ya dec√≠a yo que ve√≠a menos moros
"Charnego ma√±ana salgo para ir a trabajar,  cosa que tu no sabes lo que es..."
Pero sois periodistas o idiotas? A√∫n estando en catal√°n pone Franquismo!
Luego se queja Neymar... valiente subnormal.
"Y los mejores, y los m√°s valientes. La vieja dixit"
Menudo ba√±o te est√°n dando peque√±o dictador! üëèüëèüëèüëèüëèüëèüëè
por desgracia a√∫n no entregan Goyas por el simple hecho de ser subnormal. Deber√≠an empezar
Pero que pedazo de retrasada
ya me han venido los 4 fachas de turno a tocarme los cojones
Algunos pierden la cabeza por llegar a Paguitalandia.
pues hazme los deberes furcia barata
"Culpa de las mafias y lo progres follarefugees que hacen efecto llamada, nos quedamos sin 57 pensiones"
Jajaja..  Que simpatico el charnego.. Te vamos a votar a ti membrillo.
Un Catalan a clasificado al Bar√ßa  Cabroooooonnn
Ese buen hombre por lo menos pagar√° 7 u 8 pensiones. Es el m√°s valiente sin duda.
"Ll√©venlos a prisi√≥n, y una vez paguen la condena enviarlos a su pa√≠s por deportaci√≥n."
Con el Zumo no se juega.
"pero este tio es un puto subnormal, o que le pasa?"
"Un cargador escaso de argumentario, parece."
"Es su cultura y hay que respetarla. Un abrazo desde Ronda, M√°laga."
Antes me como un whopper que decir algo bueno del subnormal ese
"Pero que lo haga el gobierno y saqu√© pasta, vamos gilipollas, que os pod√©is forrar"
üö®üö® Los okupas causan graves disturbios en Santiago y el alcalde 'podemita' les respalda ‚û°Ô∏è  ASQUEROSO
Esos comunistas nazis judeo musulmanes crey√©ndose los reyes de la f√≠sica
"S√≥lo me hacen encabronar, no debemos nada a Centroam√©rica ni los invasores para regalarles dinero."
"Si controlan mucho porque son dictadores, si no controlan son pelotudos."
"Hostia, como la quimioterapia, nos hace da√±o, pero si aguantamos lo suficiente, podemos vencer al c√°ncer."
¬øa que sigues los pasos del poeta maricon?
Hay un puto subnormal pitando en mi calle todo el puto rato
"Hable como Hern√°ndez, ya sabemos que podes hablar mierda en ese canal, NARCO ¬øSeguridad?"
",, pin pon , todos los rojos delincuentes en sus ejercicio  .."
"Gobierno de mierda"""
es a cuartos de final subnormal
son sus costumbres y hay que respetarlas..
VIEJA PAYASA....................................... APARTA TU MIERDA DE MI MIERDA..................................... NO ME SEAS LOCA
Lo que est√° claro es que t√∫ sigues siendo un operador pol√≠tico totalmente parcializado. Asco
"ha habido 6, no 5, 6.... Guti Guti Maricoooon, Maricoooon Maricoooooooon"
cuidado con estos conspiradores de mierda
"Tu eres subnormal, no refinado, no confundas t√©rminos."
"Lee mongolo, lee. Deja de dar pena"
"Pues si es as√≠, que zorras que sois."
no te sale bien el catal√°n prueba en franc√©s... chupala hijo puta üòÇüòÇüòÇ
da cobertura a terroristas de #Venezuela La deriva fascista del  y sus medios es muy preocupante. #ConElFranquismoHemosTopado
"Solo vienen los mejores, los m√°s valientes"
ahora ser liberal es de retrasado? pues eres un poco hipocrita y tonto amigo
¬øY este subnormal qui√©n es?
Que arrechera esta econom√≠a de mierda
Los mejores y los m√°s valientes.
Sigue existiendo mucha basura en Espa√±a que limpiar y no solo en lo politico.
Son sus costumbres y hay que respetarlas
Que red social de mierda
Y deportar a la escoria es parte de las leyes. Si para ti eso es justicia medieval haztelo mirar.
Hoy prefieren el arbitraje manual. La mano negra del puto alem√°n ladr√≥n.
porque no ten√©is a un subnormal por entrenador.
Ni caso a los gilipollas como el  es un fascista de mierda
"Pues un h√©roe el que se bebi√≥ el zumo, de no haberlo hecho este estar√≠a vendiendo corbatas por los bares"
A Emery se la devuelven por subnormal. PLANTEA A LA PROXIMA UN BUEN PARTIDO
Qu√© peste a cul√© esta pillando la afici√≥n madridista...
menudos fachas xDDDDDDDDD HIJOS DE PUTA
Dios mi madre es subnormal en serio
Excepto si te lo envenenan con mierdas
"En catal√°n se escribe Espanya. Para d√°rselas usted de ser periodista, no tieene usted puta idea de escribir."
Supongo que Perro le dar√° asilo en la Moncloa 
"Mejor obedecer a Soros que ser como VOX , el lacayo de Vladimir Putin "
C√≥mo estar√° el pa√≠s para que ni los moros quieran estar
vete a un cajero mamon
"Si ese magrebi hubiera estado en su pais, podriamos haber evitado ese hecho."
"Lo que no se es como no pone varias lineas de ferry,
2500 pavos cada uno y llenan."
"Est√° viniendo lo mejor de cada casa para mejorar el pa√≠s, sin duda alguna."
"Ojal√° no salga por ah√≠ alg√∫n juez de esos pendientes de joder todo a poner su demanda, asquerosos oportunistas üñïüëé"
"Si los ladrones y golpistas de izquierda no le hubieran hecho tanto da√±o a Chile, probablemente todo ser√≠a mejor."
"subnormal que no sabes de f√∫tbol ni de nada, eres un periodista de pacotilla.... üòã"
Responde carajo ganster  de mierda.
eso que llamas pol√≠tico del  no es un pol√≠tico es un ¬®miserable profesional¬®..
"Israelitas, chinos, moros, cul√©s... as√≠ estaba el Bernab√©u ese d√≠a, que daba entre pena y asco."
"Con periodistas de mierda, con empleados de mierda."
Supongo que el subnormal de  estar√° llorando porque Benzemierda no ha sido titular y Cristiano ha marcado.
"Hombre... a mi me tocan mi zumito y tambi√©n arranco cabezas, hay cosas que hay que respetar."
Puto perroflautas que man rayao el mercedes
"Lagarder ya era un puto subnormal, solo que hoy quiere que quede patente."
"Una paguita para ese hombre, que se ve con ganas de integrarse y aceptar nuestras reglas/costumbres."
La esposa no solo hacia lofts sin licencia sino que ni siquiera ten√≠a la carrera de arquitectura. Detalles sin importancia.
"En 2013 Dalas ya se sab√≠a que era retrasado, que cojones?!"
nonono este 2020 se anda pasando de verga
"Yo me quiero escapar tambi√©n, dan paguita al llegar?"
Tu tambi√©n Matt Reeves y tus putas ideas pendejas
"Pero pedazo de subnormal, prefieres a Charlotte antes que Lana."
"En Espa√±a los invasores tienen m√°s derechos que los espa√±oles, pura mierda trae Ebrard y L√≥pez."
"fijate, todo tiene su lado bueno, hasta el puto coronabicho"
no soy del Celta subnormal. Ves como eres retrasado...
"en una c√°rcel espa√±ola cuestan dinero, en su puta casa en Marruecos no cuestan ni un duro."
"Perd√≥n, que elite de mierda"
"Vaya, el VOXtarra guardia que se da por aludido."
"Los de ahora son un infierno pol√≠tico y social, ocasionados por pol√≠ticos fan√°ticos"
"Para el podemitariado y los lobotomizados del noreste espa√±ol, Cristina Pardo tambi√©n es facha."
"a la mierda directamente, OKUPAS en el gobierno."
Habla en espa√±ol catal√°n de mierda.
"Origen patol√≥gico , delincuencial , usurpante , ilegal resultado delicuncial usurpante y patol√≥gico"
"Lo que Cuba hace, como siempre, es propaganda mentirosa para que descerebrados como Nu√±ez repitan como loros."
Tantos les cuesta entender simios de mierda
el Partido Socialista de Andaluc√≠a son una banda de delincuentes y chorizos
El dia que morais todos los fachas podre palmarla tranquilo ...
tu respuesta dice que no crees que el catal√°n tendr√≠a que ser de obligatorio entendimiento. Eres un puto‚Ä¶
"Eso no lo sabemos, puede que vinieran de peque√±os. Si es asi, expulsi√≥n."
Asumen tu g√©nero por tu apariencia f√≠sica. Son unos fascistas transfobos y hom√≥fobos.
"Marhuenda, ese gilipollas que dice que es catal√°n solo cuando pretende da√±ar a todos los catalanes, llama..."
Estas elecciones les van a venir de perlas a los fachas de VOX.
"Mientras tanto, la gente matandose a currar como cabrones para vivir en una puta colmena"
"Jajajajaja turco, subnormal, cu√±ado e espa√±ol madrem√≠a.... PLENOOOO"
Daros prisa. La memoria hist√≥rica de Carmena cambiar√° el nombre por el de cualquier payaso podemita
"Costumbres tercermundistas que disfrutamos ya en Europa gracias a nuestros pol√≠ticos progres, disfruten lo votado."
"Por cierto, donde anda metido el gusano comunista ese?"
Los mejores los m√°s preparados para cortar cabezas
"Menudos gilipollas. Como no, ten√≠an que ser los guardaespaldas de la nazi de Le Pen..."
Pura supervivencia. Me pones en riesgo? Te mato.
"Cogiendo el testigo de su colega,el mongolo Roncero. Vaya paga que tienes,carajaula"
"Mano, puto subnormal, dos veces te lo he tenio que repetir"
Los centros de menores no tutelados son escuelas de delincuentes. 
Que manera de perder la cabeza por un zumo.
"No pasa nada, al bajar dice que tiene 14 a√±os y a vivir la vida midugis juejuejejejeuejjejj"
"Potencialmente S√°nchez es el que m√°s da√±o puede hacer, primer psicopata que llega a ser presidente en Espa√±a."
Cuando alguien intenta manipular de manera tan burda lo que provoca es asco. Miratelo.
Jajajajajaja que Martin de mierda
Hacete cargo forro de mierda
"√Årbitro de mierda, Conmebol de mierda."
"los Salesianos de San Francisco de Sales, Los Marianistas y los fascistas vecinos del San Cirano nos ablandaron en exceso."
Quien putas es Juan Sebasti√°n?
La derechona sale a dar una vuelta por Barcelona.  v√≠a
"callate ya, subnormal, admite el PARTIDAZO como todos los madridistas, no que por rabia digais que ha sido robo, penosa."
"Basta ya hijos de las mil putas. Est√°is agotando a la Afici√≥n, lo √∫nico digno que queda en el club."
No los vio el open arms
qu√© bonito es ver a fachas rabiar dios me ahogo
Un caracol inv√°lido es m√°s r√°pido que esta internet de mierda
Es asombroso el nivel de estupidez-robotizaci√≥n del adoctrinamiento progre.
... ‚Äî putos rojos de mierda macho
Otro espa√±olazo fascista coaccionando al pueblo catal√°n secesionista.
Ahora me leo la secta que seguro que amplian informaci√≥n
Lo que est√° claro es que ha llegado un ladr√≥n menos.
"No busqu√©is m√°s, ya tenemos al tonto del hilo."
"A esosmoros hay que echarlos pero ya.O los politicos hacen algo o la gente tendra que ""actuar"""
"Cortocircuito buenrrollista, pobres inmigrantes vs chica atacada sexualmente."
"Te lo llama hasta tu cu√±ado. Pero no sufras, ¬øqui√©n no tiene un mongolo en la familia?"
Pero que mierda estas hablando subnormal de los cojones MAMAAAAAAAA GORDOOOOOOOO.
jaja ok andate con la zorra esa chau olvidate de mi :)
"que asco de gente dios, que busquen el significado de hembrismo y de feminismo y luego hablan"
Me cuesta creer que haya alguien igual de subnormal que Dalas.
"Le pega 16 tiros y le grita ""No te muevas"", menudo subnormal."
Pues puede trabajar de carnicero para pagar pensiones
"He puesto ""culo"" maemia, adem√°s de peque√±o, mongolo. üò≠"
Ahora un nazi en RTVE #lahoraespinosadelosmonteros
"Aqu√≠ Piatti que no met√≠a un puto gol y en el Espa√±ol, lleva ya unos cuantos, mam√≥n. ‚òπÔ∏è"
"Totalmente de acuerdo con la diputada, a esos c√°fres asquerosos que no los vayan a dejar devolver a Bogot√°."
"No pasa nada, √©l es el mas preparado y el mas valiente que ya lo decia la abuela Carmena."
"este chico es subnormal, confirmed"
"Si, esa es la que os gusta a los fachas. Menos mal que sois cuatro gatos."
Ve na cuando habla Mazzoleni que puta
"Son nuestros ni√±os... ah no, que uno tiene 41 a√±os. Da igual, son nuestros j√≥venes."
Sin duda y durante los pr√≥ximos meses con un email solucionan si no les llega
"Mejores Autopistas?, Ese mancito G√≥mez d√≥nde vive?, Seguro es un sure√±ito Petrista üòïü§ò"
Pobre tarado que no sabes lo que dices .... pobre tarado
Manda cojones que nos meta gol el subnormal de Paco Alc√°cer....
y el drama con el guiri de mierda de seamus en eurovision super living
Los mierdas de ABC haci√©ndole campa√±a al Fracking.
"Ahora pides asilo pol√≠tico HDP, ahora las escorias oficialistas pidiendo asilo que tal."
"se tiene q ser subnormal profundo, pero como dice  este es la nueva manera de hacer periodismo. Pues ala"
Dale la vuelta a la camiseta y tienes el 6 del 6-1 de la REMONTADA MAM√ìN!!!
"ya sabes q la Mal_llamada ""PERRA"" (=FIEL)  de la TOP FURCIA de Eugenia SILVA estuvo jugando al APOCALIPSIS..con l ex_marido.."
"es que no lo eres, es decir, qu√© m√°s da ser hetero, el problema est√° en ser retrasado xd"
JAJAJAJAJJAJA que vas a eclipsar t√∫ y el otro subnormal xd
ME JUEGAS PUTO RETO O COMO VA LA COSA PUTO RETRASADO
Celebrando mas feliz una victoria del Barsa que una del Sevilla... Este subnormal no me representa como sevillista
Fuentes del gobierno me comentan que hay que aumentar el altavoz para llamar a que vengan mas a intentarlo
"Ol√© sus huevos morenos (los del periodista). Si hablas de expulsar del pais a alguien, porque omites la nacionalidad."
ya ves adem√°s a los polic√≠as nazis que tendr√° esa en el whatsapp‚Ä¶ como para creerse algo.
Aprende el significado de mayor√≠a parlamentaria subnormal
"Han quedado los √∫ltimos   ""Gran mayor√≠a""  Adem√°s de facha, tonto."
"As√≠ act√∫a la propaganda de la izquierda, como cualquier rancia dictadura"
No han dicho ya que vienen los mejores y los mas preparados?
Yo quer√≠a ser main puta pero listisima para lo que se viene
#YoSoyAnonymousUE basta de absurda represi√≥n victimista por parte del Estado Fascista
"Haz que pase ya Pedro por Dios, porque a m√≠ se me est√° haciendo eterno."
Y ahora me veo y parezco un Trump supporter. Putos nazis.
y snk ultima temp pronto   pd rachel puta zorra la traicion no se perdona
"Pues si, es una puta mierda, DEP por ellos."
imagina y todo fue por entrar con una maleta en un museo. Putos nazis
Me confirman por aqu√≠ que mi padre es subnormal.
La puta que frustraci√≥n .
Jueves con J de mierda
¬°Es que hay zumos y zumos!
Este pa√≠s se va a la mierda
ya esta el subnormal de luis enrique jodiendome apuestas sin poner a suarez
Gran puta estos chinos de mierda vinieron a arruinar mi a√±o üò≠
Me acojona ver a la derecha rancia pidiendo #BoicotALosGoya M√°s incultura seguir√° formando fascistas como ellos... ‚ûïCine ‚ûñToros #Espa√±ist√°n
"Lleg√≥ la racista maleducada, odias mi castellano al igual que a Espa√±a y los espa√±oles, supremacista arruinada y avergonzada"
üö®üö® Los okupas causan graves disturbios en Santiago y el alcalde 'podemita' les respalda ‚û°Ô∏è  SON GENTUZA
Buena gente acogemos en nuestro pa√≠s. Traen lo mejorcito de la cultura de su pa√≠s.
"Soy bioqu√≠mico y estoy trabajando para el Gobierno de Navarra... √°nimo, puto subnormal."
a ti no catal√°n cabron jajaja! Esta champions es vuestra y del bayer xd
Como les gusta el afeitado en seco a esta gente.
Ya empec√© con la depresi√≥n de mierda
"Pinche gobierno de mierda, no ayudan pero como estorban HDSPM."
"Vaya, nunca pens√© oir decir eso a una mujer"
te has equivocado de captura subnormal
Paco llegado este punto nos da igual con tal de olvidarnos del PP y su estado fascista
Segurola es un subnormal desde el minuto 1.
Ya empiezan los sinverg√ºenzas..  No faltes al respeto Rumano de mierda..
PAMBISITOS dejen de responder a subnormales de mierda como √©ste.
La √∫ltima mamarrachada de EA es tremenda.
Est√° claro que el lobby proxeneta est√° bien organizado üëøüëø
Yo voy a hacer #BoikotalosGoyas viendo la gala üòÇüòÇ Que pa√≠s de fachas!!!
Me rio de ti jajajajajajjaja fascista a la cueva
"Te quisiste Imponer Malparido INDIO ESCORIA üëàNo Pudiste, La reuni√≥n va  En la OEA."
"Pues a mi me recuerda tus diversas lesiones graves y me descojono, subnormal. Acabado."
"Buah yo no me har√≠a nunca un twitter, eso est√° lleno de rojos de mierda."
"el t√©rmino correcto es ""seres humanos de color crema"""
"Deber√≠a darte verg√ºenza ofender las creencias de otras persona, intolerante fascista."
No se puede tener peor gusto dise√±ando camisetas pa una pe√±a  Que verguenza maricon
"Que alguien se lo impida, que todav√≠a les quedan pensiones por pagar."
"Que traigan otro cargamento, necesitamos m√°s pagapensiones son una inversi√≥n de futuro."
"Encima cacho parguela te pones de gilipollas con ella, subnormal"
deja de tirarte abajo hija d re mil puta
Trump provocando como un macarra de pacotilla   v√≠a
"Son los mejores. Paguita, alquiler y seguridad social ya. Rasistas"
T√∫ debes de ser un facha costalero del PPodrido.
"La historia reconocer√° que fue el m√°s pelele , inepto e hijo de puta presidente de la historia ."
Ahora tampoco respetar√©is la democracia fascistas de mierda???
Como para no votar a Vox. Hijos de puta 300.000 con la que se nos vien encima.
Tanto que hablan de Pinochet y los gringos y estos hijueputas son iguales o peores.
¬øVan a seguir con el mismo tema de los comediantes mediocres?
"Y a m√≠ qu√© me importa lo que t√∫ ""notes"", facha?"
SALVEMOS A ESE ANIMAL DE LAS GARRAS ASESINAS Y FASCISTAS YA
: #ModeloPodemos Ser comunistas y joder Espa√±a  #LaHoraAzulPP278
"6 a√±os ha tardado en mostrarse el tarado mental m√°s grande, bravo üëè"
Le han dado por lo que habr√° robado antes y por lo que robar√° cuando salga del hospital.
Porque usted es un hombre de bien y con valores. Esos otros son alima√±as y 0
¬°Ese es mi Trump! üá∫üá∏Que vean la galamierda los giligoyas y rojeras de los veinte duros ¬°A mamarla!
"Este va para casa de que politicucho? ya esta adjudicado, o se lo rifan?"
"Los halagos y buenos modales siempre hacen bien, menos a los izquierdistas de la cultura del odio."
#VivaElCineEspa√±ol porque me gusta y por patriotismo. A ver si os enter√°is pedazo de fachas.
Los canis del 2000 y posteriores son a√∫n m√°s gilipollas que los anteriores.
La justificaci√≥n pedorra JAJAJAJ mejor no te defiendas ü§£ü§£
"#Lista Allanamientos, persecuci√≥n y exilio: la aberraci√≥n de #ANC contra diputados  `"""
Quien putas est√° RT esa mierda ?
Este wifi boliguayo de mierda
"El gobierno de mierda, deber√≠a dejar de hablar hue√°s contra toda evidencia."
"ESTA NOCHE, MANDA MI POLLA (un primo suyo)"
"La jueza archiva la paliza de los trozos de mierda fascistas a Lagarder, porque la  no entreg√≥ la denuncia"
"This. Que puto asco de respuestas, sois repulsivos"
"Estos cr√≠os.... Qu√© pillastres..... Son unos terremotos los angelitos... Qu√© energ√≠a la de estos chicos... El futuro, son el futuro..... "
Que analog√≠a rebuscada y de mierda
"Ya ven√≠s en manada a quejaros, anda a tomarte una mArandina.   "
"Pero que putas, maldita tensi√≥n rara entre Jaime y Brandon #GameofThrones #JaimeLannister"
Ya te he respondido subnormal
hay que ser hp para robar un zumo en alta mar.
Muchas veces en sus carceles sobornan a gente y viven como reyes.
Seguro que era de pera-pi√±a. Es el √∫nico por el que yo matar√≠a.
