"A los machistas no les da miedo el feminismo, (muy machos ellos). Simplemente lo desprecian"
Yo soy as√≠
Aqu√≠ ten√©is una canci√≥n para todos y cada uno de los PP... You de Lily Allen
Dejen de molestar a mi amiga
Es seguro que pase eso
No soporto a Dani Rovira
Luego si empiezan a aparecer los cad√°veres alguien se echara las manos a la cabeza
Pero el calentamiento global son COSAS DE HIPPIES
Te gustan los ni√±os?
"Desde qu√© los nacionalsocialistas falsificaron billets en los campos, este es el peor ataque a la econom√≠a de un pais"
Blocs y a otra cosa No le des publicidad
"El chepas acaba de solucionar el problema de la inmigraci√≥n, ahora vendr√°n los de Vox a tocar molestar..."
Conclusi√≥n: Er Benny fue un tipo rudo que ayud√≥ a Trump.
La mitad catalana independentista sigue crey√©ndose sus mentiras
Nunca sean as√≠  de malos
Y encima es que eres m√≠a
"Lo qu√© es curioso es que todos los qu√© lleven bandera podemita demuestra cadecer de razonamiento, con nota"
"Ser√° puerta abierta ,no?"
No te acerques que me tiznas le dijo la sarten al cazo...
"eso se elige, no es natural"
"Ese tio no ev un delincuente, es su cultura mayormente esta admitido"
Qu√© frustraci√≥n cuando est√°s jugando al FIFA y ponen pausa para responder los msj
"unos vecinos del primero son comunistas, les he dejado 6 entradas en el buz√≥n"
Miren la saga de 50 sombras de Grey.. casi todo eran lectoras... le encanta
"Vox aboga por poner fin a la inmigraci√≥n ilegal asociada con delitos, pero eso es todo."
"En Espa√±a, contamos con un Gobierno PSOE-UP, as√≠ que simplemente estamos experimentando las consecuencias de lo votado."
Y se vuelve a Par√≠s con dos palmos de narice
"Yo lo se, los mismos que estan acabando con la Civilizaci√≥n en la Tierra"
Esto para ti:
"No s√© si alg√∫n cat√≥lico me seguir√°, si es as√≠, lamento que tengas tanta experiencia."
"Y, como siempre, las personas sin educaci√≥n dicen groser√≠as, son las que se oponen a este gran gobierno respetable."
Prensa deportiva saliendo en defensa de un ultraderechista
"#CeseDefinitivoCPCCS  su salida del CPCCS va hacer mas r√°pido que su nombramiento,"
Disney se est√° riendo de ustedes
"Una directiva desilusiona deportivamente, unos monguers los votan para que sigan mandando, los monguers se sorprenden de que no sea un √©xito #estapasando"
"A saber cuantos recibieron dinero y sin hacer una mala pel√≠cula siquiera."""
"Queremos m√°s inmigrantes, S√°nchez trae m√°s!"
en tu estado es posible
No pod√≠a esperar a llegar a tierra para comenzar a trabajar.
A su vez que no es lo mismo ser cristiano que catolico.
solo son 4?
Es peor que los 1.200 que a√∫n est√°n por venir
"Cada vez, la situaci√≥n del pa√≠s est√° en mala"
"todos vestidos de alta costura espa√±ola o extranjera como la burguesa verdad,‚Ä¶"
Ya me hab√≠a dado cuenta que ve√≠a menos personas de origen magreb√≠
"ma√±ana salgo para ir a trabajar,  cosa que tu no sabes lo que es..."
Son periodistas o qu√© a√∫n estando en catal√°n ponen franquismo
Entonces Neymar se queja... valiente y extra√±o.
"Y los mejores, y los m√°s valientes. La dixit"
Menudo ba√±o te est√°n dando
por desgracia a√∫n no entregan Goyas
Pero qu√© tipo de persona.
Ya me han venido las 4 de turno a molestarme
algunos se desgastan por llegar a Paguitalandia
"Bueno, haz mi tarea."
"Culpa de las mafias y lo progres que hacen efecto llamada, nos quedamos sin 57 pensiones"
Jajaja..  Que simpatico.. Te vamos a votar a ti
Un Catalan a clasificado al Bar√ßa
Ese hombre generoso seguramente est√© contribuyendo con al menos 7 u 8 pensiones. Es admirable su valent√≠a.
"Ll√©venlos a prisi√≥n y, despu√©s de cumplir la condena, procedan con su deportaci√≥n a su pa√≠s."
No se juega con el zumo.
"Pero conoces a este tipo, ¬øqu√© le pasa?"
Parece que tienes un cargador escaso de argumentos.
"Es importante respetar su cultura. Un saludo desde Ronda, M√°laga."
Antes me como un Whopper porque decir algo de √©l
"Que el gobierno lo gestione y obtenga beneficios, es decir, que aprovechen la oportunidad."
üö®üö® Los okupas causan graves disturbios en Santiago y el alcalde 'podemita' les respalda ‚û°Ô∏è
Esa gente crey√©ndose los reyes de la f√≠sica.
"S√≥lo me hacen enojar, no debemos nada a Centroam√©rica ni los invasores para regalarles dinero."
"Si controlan mucho porque son dictadores, si no controlan est√°n haciendo cosas mal"
"Como la quimioterapia, nos hace da√±o, pero si aguantamos lo suficiente, podemos vencer al c√°ncer."
¬øa que sigues los pasos del poeta?
Hay alguien silbando en mi calle todo el tiempo.
"Hable como Hernandez, ya sabemos que podes hablar mal de ese canal. ¬øSeguridad?"
"pin pon , todos los rojos en sus ejercicio"
Gobierno ineficiente
es a cuartos de final
Son tradiciones que merecen ser respetados
"No acerques tus cosas a mis cosas, por favor"
Lo que est√° claro es que t√∫ sigues siendo un operador pol√≠tico totalmente parcializado.
"ha habido 6, no 5, 6.... !!!!!!!!!"
Cuidado con estas personas
T√∫ no eres refinado no confundas t√©rminos
"Lee hombre, lee. Deja de dar pena."
"Bueno, si es as√≠, ¬øqu√© clase de gente eres."
No te sale bien el catalan prueba en franc√©s
la cobertura terrorista de # Venezuela de la deriva del pa√≠s y sus medios de comunicaci√≥n es una gran preocupaci√≥n. #Conelfranquismo
"Solo llegan los mejores, los m√°s valientes."
"Se considera ahora que ser liberal es poco com√∫n? Me parece que hay un contraste entre tus opiniones y acciones, amigo"
"Y este hombre extra√±o, ¬øqui√©n es?"
Que pena esta econom√≠a tan d√©bil
Los m√°s destacados y los m√°s valerosos.
Sigue existiendo mucha cosas en Espa√±a que limpiar y no solo en lo politico.
Cada grupo tiene sus propias tradiciones y es importante respetarlas
Qu√© mala red social
Y deportar a los ilegales es parte de las leyes. Si para ti eso es justicia medieval revisalo.
Hoy prefieren el arbitraje manual
porque no ten√©is a un loco por entrenador.
"Ni caso a un tipo como √©l, es un extrema derecha"
"Realmente fue un acto her√≥ico de quien se bebi√≥ el zumo. De no haberlo hecho, es probable que esa persona estuviera vendiendo corbatas en los bares"
A Emery se la devuelven por no see normal. PLANTEA A LA PROXIMA UN BUEN PARTIDO
Qu√© peste esta pillando la afici√≥n madridista...
menudos fachas xDDDDDDDDD
Dios mi madre est√° mal en serio.
Excepto si lo envenenan con cosas
"En catal√°n se escribe Espanya. Para d√°rselas usted de ser periodista, no tieene usted  idea de escribir."
Supongo que el presidente le dara asilo en la Moncloa
"Es preferible seguir las indicaciones de Soros que adoptar posturas similares a VOX, que es considerado un aliado de Vladimir Putin."
como estar√° el pais para que no quieran estar
vete a un cajero
"Si ese individuo de origen magreb√≠ hubiera estado en su pa√≠s, podr√≠amos haber evitado ese incidente."
"No entiendo por qu√© no establecen varias l√≠neas de ferry, podr√≠an ganar 2500 euros por cada uno y llenarlos."
"Est√°n viniendo personas con talento de diversos or√≠genes para contribuir al progreso del pa√≠s, sin duda alguna."
Ojal√° no salga por ah√≠ alg√∫n juez de esos pendientes de joder todo a poner su demanda
"Si la izquierda no hubiera hecho tanto da√±o a Chile, probablemente las cosas habr√≠an sido mejores."
"normal que no sepas de futbol, ‚Äã‚Äãeres periodista.... üòã"
Responde ahora
"Lo que usted llama pol√≠tico no es un pol√≠tico, es un profesional‚Äù."
"Israelitas, chinos, moros,... as√≠ estaba el Bernab√©u ese d√≠a, que daba entre pena y asco."
"Con malos periodistas, con malos empleados"
Supongo que √©l estar√° llorando porque be Benzema no ha sido titular y Cristiano ha marcado
"Hombre... a mi me tocan mi zumito y tambi√©n me enojo, hay cosas que hay que respetar."
que man rayao el mercedes
"Lagarder ya era una mala persona, solo que hoy quiere que quede patente."
"Ser√≠a apropiado proporcionar alguna ayuda econ√≥mica a ese hombre, parece estar dispuesto a integrarse y aceptar nuestras reglas y costumbres."
"La esposa no solo constru√≠a lofts sin licencia, sino que ni siquiera ten√≠a formaci√≥n en arquitectura. Son detalles sin importancia."
En el 2013 salas ya se sab√≠a que era m√°s lento
No no no est√© 2020 se anda pasando
¬øOfrecen alg√∫n tipo de apoyo al llegar?
Tu tambi√©n Matt Reeves y tus ideas
"Pero, prefieres a Charlotte antes que Lana."
"En Espa√±a tienen m√°s derechos que los espa√±oles, esto lo aportan Ebrard y L√≥pez."
"F√≠jate, todo tiene su lado bueno."
no soy del Celta.Ves como no entiendes
"En una c√°rcel espa√±ola, tienen un costo, pero en su casa en Marruecos, no suponen ning√∫n gasto."
"Lo siento, qu√© mala √©lite"
"Vaya, el miembro de VOX que se siente identificado."
"Los de ahora son un infierno pol√≠tico y social, ocasionados por pol√≠ticos"
"Para los de izquierdas del noreste espa√±ol, Cristina Pardo tambi√©n es de extrema derecha"
OKUPAS en el gobierno.
Habla espa√±ol catal√°n
"Origen patol√≥gico, ilegal resultado delicuncial usurpante y patol√≥gico"
"Lo que Cuba est√° haciendo, como siempre, es propaganda para que gente como N√∫√±ez repita."
Tantos les cuesta entender
el Partido Socialista de Andaluc√≠a no son honrados
"El d√≠a en que desaparezcan todos los extremistas, podr√© vivir en paz..."
Su respuesta afirma que no cree que el catal√°n deba ser una lengua obligatoria para ser comprendido.
"No podemos estar seguros, podr√≠an haber venido de peque√±os. Si es el caso, considerar la expulsi√≥n."
Asumen tu g√©nero por tu apariencia f√≠sica.
"Maruenda, este que dice ser Catal√°n solo cuando pretende hacer da√±o a todos los catalanes, llama..."
Estas elecciones les van a venir de perlas a los  de VOX.
"Mientras tanto, la gente trabaja arduamente para vivir en espacios muy reducidos."
"Jajajajaja turco, cu√±ado e espa√±ol madrem√≠a.... PLENOOOO"
Apurarse. La memoria hist√≥rica de Carmena cambiar√° su nombre por otro nombre podemita.
"Costumbre de pa√≠ses en desarrollo que ya disfrutamos en Europa, gracias a los pol√≠ticos simpatizantes, disfruten el logro"
¬øAd√≥nde fue ese Comunista?
Los mejores los m√°s preparados para realizar el trabajo
"Por supuesto, ten√≠an que ser los guardaespaldas de Le Pen..."
Esto es pura supervivencia. ¬øMe pones en riesgo? Ser√° mejor que no lo hagas.
Cogiendo el testigo de su colegaRoncero. Vaya paga que tienes
"Mano, dos veces te lo he tenio que repetir"
Los centros de menores no tutelados pueden presentar desaf√≠os en la prevenci√≥n del comportamiento delictivo.
Resultado: Perder la calma por un zumo es exagerado.
"No hay problema, al bajar dice que tiene 14 a√±os y a disfrutar la vida."
"Potencialmente S√°nchez es el que m√°s da√±o puede hacer, primer persona que llega a ser presidente en Espa√±a."
Cuando alguien intenta manipular de manera tan vil lo que provoca es pena.
Jajajajaja que Martin
Asumir la responsabilidad
"Ni buen √°rbitro, ni buena Conmebol."
"los Salesianos de San Francisco de Sales, Los Marianistas y los vecinos del San Cirano nos ablandaron en exceso."
"Vamos, ¬øqui√©n es Juan Sebasti√°n?"
La derecha sale a dar una vuelta por Barcelona. Via
"admite el PARTIDAZO como todos los madridistas, no que por rabia digais que ha sido robo"
"Basta ya. Est√°is agotando a la Afici√≥n, lo √∫nico digno que queda en el club."
El Open Arms no los avist√≥.
qu√© bonito es ver a fachas rabiar dios
Un caracol inv√°lido es m√°s r√°pido que esta internet
Resultado: Es sorprendente el nivel de robotizaci√≥n en el adoctrinamiento progresista.
estoy harto de los comunistas
Otro espa√±olazo coaccionando al pueblo catal√°n secesionista.
Voy a leer el art√≠culo para obtener m√°s informaci√≥n.
Lo que esta claro es que hay menos ladrones
"No busqueis mas, aqui esta quien faltaba"
"hay que echarlos pero ya.O los politicos hacen algo o la gente tendra que ""actuar"
"Es un conflicto entre el enfoque positivo y la compasi√≥n por los inmigrantes, frente a la preocupaci√≥n por una chica atacada sexualmente."
"te lo llama hasta tu cu√±ado. pero tranquilo, ¬øquien no tiene a una persona de capacidades diferentes en la familia?"
Pero que est√°s hablando
Jaja ok andate con ella chau olvidate de mi :)
"Que terrible gente dios, que busquen el significado de hembrismo y de feminismo y luego hablan"
Me cuesta creer que haya alguien igual que Dalas.
"Le dispara 16 veces y le grita ""No te muevas"", que individuo"
Entonces podr√≠a trabajar como carnicero para cubrir las pensiones.
"He puesto  maemia, adem√°s de peque√±o, mongolo. üò≠"
Ahora este hombre en RTVE #lahoraespinosadelosmonteros
"Aqu√≠ Piatti que no met√≠a un gol y en el Espa√±ol, lleva ya unos cuantos"
Estoy totalmente de acuerdo con el diputado que no les permitir√° regresar a Bogot√°.
"No hay problema, √©l es el m√°s preparado y valiente, como lo afirmaba la abuela Carmena."
"este chico es un personaje, confirmed."
"Si, esa es la que os gusta a ellos Menos mal que sois cuatro gatos."
Ve na cuando habla Mazzoleni
"Son nuestros j√≥venes, aunque uno tenga 41 a√±os."
"Sin duda, en los pr√≥ximos meses se solucionar√° con un correo electr√≥nico, si es que no reciben la informaci√≥n."
"Mejores Autopistas?, Ese G√≥mez d√≥nde vive?, Seguro es un sure√±ito Petrista üòïü§ò"
no sabes lo que dices
Nos mete gol Paco alcacer
Y el drama con el guiri  de seamus en eurovision super living
ABC promociona el fracking.
"Ahora pides asilo pol√≠tico HDP, ahora las oficialistas pidiendo asilo que tal."
"Le tiene que estar pasando algo, pero, como se dice, este es la nueva manera de hacer periodismo."
Dale la vuelta a la camiseta y tienes el 6 del 6-1 de la REMONTADA!!!
ya sabes que la TOP FURCIA de Eugenia SILVA estuvo jugando al APOCALIPSIS..con l ex_marido..
"es que no lo eres, es decir, qu√© m√°s da ser hetero, el problema no entender las cosas"
Jajajajaja qu√© vas a eclipse t√∫ y el otro xd
Me juegas al reto o c√≥mo va la cosa
Celebrando mas feliz una victoria del Barsa que una del Sevilla... No me representa como sevillista
Fuentes del gobierno indican que se debe aumentar el volumen para animar a m√°s personas a intentarlo.
"si hablas de expulsar a alguien de el pais, porque omites la nacionalidad"
ya ves adem√°s a los polic√≠as que tendr√° esa en el whatsapp‚Ä¶ como para creerse algo.
Aprende el significado de mayor√≠a parlamentaria
"Han quedado los √∫ltimos   ""Gran mayor√≠a"""
"As√≠ act√∫a la propaganda de la izquierda, como cualquier dictadura"
"S√≠, se ha mencionado que vienen los mejores y los m√°s preparados."
Yo quer√≠a estar listisima para lo que se viene.
#YoSoyAnonymousUE basta de absurda represi√≥n victimista por parte del Estado
"Por favor, que Pedro llegue pronto, porque para m√≠ esto est√° tomando una eternidad"
Y ahora me veo y sueno como un partidario de Trump.
ps rachel la traici√≥n no se perdona
"Pues si, es horrible"
imagina y todo fue por entrar con una maleta en un museo.
Me confirman por aqu√≠ que mi padre est√° loco.
que frustraci√≥n .
Jueves con j
Es que hay una gran variedad de zumos.
nada puede salvar a este pa√≠s
ya esta luis enrique arruinandome apuestas sin poner a suarez
Estos chinos vinieron a arruinar mi a√±o
Me asusta ver a la derecha pidiendo #BoicotALosGoya M√°s incultura seguir√° formando gente de derechas como ellos... ‚ûïCine ‚ûñToros #Espa√±ist√°n
"Llego la persona sin respeto hacia los demas, no le gusta mi forma de hablar igual que Espa√±a y los espa√±oles, que verg√ºenza"
Los okupas causan graves disturbios en santiago y el alcalde podemita les respalda
"Resultado: Acogemos a personas amables en nuestro pa√≠s, quienes aportan lo mejor de su cultura."
Soy bioqu√≠mico y estoy trabajando para el Gobierno de Navarra...
a ti no catal√°n jajaja! Esta champions es vuestra y del bayer xd
A algunas personas les gusta el afeitado en seco.
ya comenc√© con la depresi√≥n
"gobierno, no ayudan pero como estorban HDSPM."
Nunca esper√© escuchar eso de una mujer.
te has equivocado de captura
Llegado a este punto es igual con tal de olvidarnos del PP y su estado
Segurola siempre ha sido as√≠ desde el minuto 1
"Los sinverg√ºenzas est√°n empezando ... No seas irrespetuoso, rumana ..."
PAMBISITOS dejen de responder a personas  como √©ste.
La √∫ltima payasada de EA es tremenda.
Est√° claro que su lobby est√° bien organizado üëø  üëø
Yo voy a hacer #BoikotalosGoyas viendo la gala üòÇüòÇ Que pa√≠s!!!
Me rio de ti jajajajajajjaja
"Te quisiste Imponer una mala organizaci√≥n üëàNo Pudiste, La reuni√≥n va  En la OEA."
"Bueno, me recuerda tus diversas lesiones graves y me enfado."
"Yo no me har√≠a nunca un twitter, eso est√° lleno de rojos."
"El t√©rmino correcto es ""personas de tono crema""."
Deber√≠a darte verg√ºenza ofender las creencias de otras persona.
No se puede tener peor gusto dise√±ando camisetas pa una pe√±a  Que verg√ºenza.
"Que alguien intervenga para detenerlo, a√∫in tiene pnesiones pendientes por pagar"
"Que traigan otro cargamento, necesitamos m√°s contribuyentes para asegurar las pensiones; son una inversi√≥n de futuro."
Encima te pones de maleducado con ella
deja de tirarte abajo
Trump provocando
"Son los mejores. Paguita, alquiler y seguridad social ya."
Debes ser un comerciante costero.
La historia reconocer√° que fue el m√°s inepto e hijo  presidente de la historia
Ahora tampoco respetar√©is la democracia????
como para no votar a Vox. 300.000 con la que se nos viene encima
Tanto que hablan de Pinochet y los gringos y estos son iguales o peores.
¬øVan a seguir con el mismo tema de los comediantes?
"Y a m√≠ qu√© me importa lo que t√∫ ""notes""?"
SALVEMOS A ESE ANIMAL DE LAS GARRAS  YA
: #Modelpodemos ser comunistas y vencer a Espa√±a  # LaHoraAzulPP278
"6 a√±os ha tardado en mostrarse el personaje m√°s grande, bravo üëè"
Recibi√≥ una lecci√≥n por lo que rob√≥ y robar√° en un futuro
Porque usted es un hombre de bien y con valores. Esos otros no lo son
¬°Este es mi Trump! üá∫üá∏Que los Giligoi y los pelirrojos del s√≥lido veinte vean este horror.
¬øEsto va para la casa de qu√© pol√≠tico?
"Los halagos y buenos modales siempre hacen bien, menos a los izquierdas de la cultura del odio."
#VivaElCineEspa√±ol porque me gusta y por patriotismo. A ver si os enter√°is
Los canis del 2000 y posteriores son a√∫n m√°s malos que los anteriores.
"Que mala justificaci√≥n ,mejor no te defiendas"
"# Lista de invasiones, persecuciones y expulsiones: # ANC contra diputados `"""
Quien est√° RT esto?
Este mal wifi boliviano
"El gobierno, deber√≠a dejar de hablar hue√°s contra toda evidencia."
Esta noche manda mi primo
La jueza archiva el problema de los fascistas a Lagarder porque no  entreg√≥ la denuncia
This. Que mala respuesta
"Estos ni√±os son bastante traviesos, llenos de energ√≠a y travesuras. Representan el futuro con toda su vitalidad."
Qu√© analog√≠a confusa
"Ya ven√≠s en manada a quejaros, anda a tomarte una mandarina."
"Pero qu√© es, extra√±a tensi√≥n entre Jaime y Brandon.  #Game of Thrones  #JaimeLannister"
Ya te respond√≠
Hay que ser inconciente para robar un zumo en alta mar
En muchas ocasiones en sus c√°rceles sobornan a personas y viven con lujos.
Es posible que fuera de pera-pi√±a. Es el √∫nico por el que har√≠a algo as√≠.
